adalvarez@speedy.com.ar">adalvarez<adalvarez@speedy.com.ar>
aliciaf_del@hotmail.com">ALICIA<aliciaf_del@hotmail.com>
vellano.a@pg.com">Andres<vellano.a@pg.com>
farmaciaheras@surnets.com.ar">Angellu1cnj<farmaciaheras@surnets.com.ar>
ccapra@gba.gov.ar">ccapra<ccapra@gba.gov.ar>
0111553394218@personal-net.com.ar">celu<0111553394218@personal-net.com.ar>
hernancosta@arnet.com.ar">Costa<hernancosta@arnet.com.ar>
crisrm@microsoft.com">Cristian<crisrm@microsoft.com>
dguzzo@afip.gov.ar">Dany<dguzzo@afip.gov.ar>
lemosdie@yahoo.com.ar">Diego<lemosdie@yahoo.com.ar>
tutoriautn@yahoo.com.ar">Fabio<tutoriautn@yahoo.com.ar>
ec1ame@hotmail.com">Fernando<ec1ame@hotmail.com>
fernandoalopez@ciudad.com.ar">Fernando<fernandoalopez@ciudad.com.ar>
fredytel@uolsinectis.com.ar">FREDDY<fredytel@uolsinectis.com.ar>
gastonpolicicchio@yahoo.com.ar">gaston<gastonpolicicchio@yahoo.com.ar>
LUSAT-1@gruposyahoo.com.ar">grupo<LUSAT-1@gruposyahoo.com.ar>
LUSAT-1@gruposyahoo.com.ar">grupo<LUSAT-1@gruposyahoo.com.ar>
INDARSAT@gruposyahoo.com.ar">INDARSAT<INDARSAT@gruposyahoo.com.ar>
infocram@gruposyahoo.com">infocram<infocram@gruposyahoo.com>
infolu@gruposyahoo.com.ar">INFOLU<infolu@gruposyahoo.com.ar>
jorgejr@speedy.com.ar">jorgejr<jorgejr@speedy.com.ar>
angelusdsl@hotmail.com">lu4alr<angelusdsl@hotmail.com>
lu4dc@yahoo.com.ar">lu4dc<lu4dc@yahoo.com.ar>
daniel@dydelec.com.ar">lu4eg<daniel@dydelec.com.ar>
rteran@arnet.com.ar">LU4FDV<rteran@arnet.com.ar>
LU5MT@mialvear.com.ar">LU5MT<LU5MT@mialvear.com.ar>
lu8ldz@espacio.com.ar">lu8ldz<lu8ldz@espacio.com.ar>
lu9eoh@lusat.com.ar">lu9eoh@lusat.com.ar<lu9eoh@lusat.com.ar>
sofiaymartin@arnet.com.ar">LU9LAD<sofiaymartin@arnet.com.ar>
guillev@v2r.com.ar">lw1exu<guillev@v2r.com.ar>
recoletos@ciudad.com.ar">Nestor<recoletos@ciudad.com.ar>
nildalonda@speedy.com.ar">NILDA<nildalonda@speedy.com.ar>
ogago@ta.telecom.com.ar">Osvi<ogago@ta.telecom.com.ar>
padresdelira@gruposyahoo.com.ar">PADRES<padresdelira@gruposyahoo.com.ar>
radioclubsalta@gruposyahoo.com.ar">radioclubsalta<radioclubsalta@gruposyahoo.com.ar>
rgerstel@gmx.de">Rauldk3kc<rgerstel@gmx.de>
sharley@datamarkets.com.ar">RicardoLU4AKD<sharley@datamarkets.com.ar>
blanco425@hotmail.com">Roby<blanco425@hotmail.com>
roquema@fullzero.com.ar">ROQUE<roquema@fullzero.com.ar>
info@artefot.com.ar">Ruben<info@artefot.com.ar>
SilviaSuarez<silbond@msn.com>">SILVIA<SilviaSuarez<silbond@msn.com>>
webmasters-unqui@gruposyahoo.com.ar">unqui<webmasters-unqui@gruposyahoo.com.ar>
vadiluca@hotmail.com">Victor<vadiluca@hotmail.com>
gandhi@arnet.com.ar">Walter<gandhi@arnet.com.ar>